{
	"components": {
		"examples": {},
		"headers": {},
		"parameters": {},
		"requestBodies": {},
		"responses": {},
		"schemas": {
			"UUID": {
				"type": "string",
				"format": "uuid",
				"description": "Stringified UUIDv4.\r\nSee [RFC 4112](https://tools.ietf.org/html/rfc4122)",
				"pattern": "[0-9A-Fa-f]{8}-[0-9A-Fa-f]{4}-4[0-9A-Fa-f]{3}-[89ABab][0-9A-Fa-f]{3}-[0-9A-Fa-f]{12}"
			},
			"User": {
				"properties": {
					"id": {
						"type": "number",
						"format": "double"
					},
					"uuid": {
						"$ref": "#/components/schemas/UUID"
					},
					"name": {
						"type": "string"
					},
					"surname": {
						"type": "string"
					},
					"email": {
						"type": "string"
					},
					"password": {
						"type": "string"
					},
					"roleId": {
						"type": "number",
						"format": "double"
					},
					"createdAt": {
						"type": "string",
						"format": "date-time"
					},
					"deletedAt": {
						"type": "string",
						"format": "date-time"
					},
					"version": {
						"type": "number",
						"format": "double"
					},
					"updatedAt": {
						"type": "string",
						"format": "date-time"
					}
				},
				"type": "object",
				"additionalProperties": false
			},
			"Company": {
				"properties": {
					"id": {
						"type": "number",
						"format": "double"
					},
					"uuid": {
						"$ref": "#/components/schemas/UUID"
					},
					"name": {
						"type": "string"
					},
					"createdAt": {
						"type": "string",
						"format": "date-time"
					},
					"deletedAt": {
						"type": "string",
						"format": "date-time"
					},
					"version": {
						"type": "number",
						"format": "double"
					},
					"updatedAt": {
						"type": "string",
						"format": "date-time"
					}
				},
				"type": "object",
				"additionalProperties": false
			},
			"LocalUnit": {
				"properties": {
					"id": {
						"type": "number",
						"format": "double"
					},
					"uuid": {
						"$ref": "#/components/schemas/UUID"
					},
					"createdAt": {
						"type": "string",
						"format": "date-time"
					},
					"deletedAt": {
						"type": "string",
						"format": "date-time"
					},
					"version": {
						"type": "number",
						"format": "double"
					},
					"updatedAt": {
						"type": "string",
						"format": "date-time"
					}
				},
				"type": "object",
				"additionalProperties": false
			}
		},
		"securitySchemes": {}
	},
	"info": {
		"title": "Argos-IoT APIs",
		"version": "0.0.0",
		"description": "Restful APIs by Argos-IoT",
		"contact": {
			"name": "Marco Napoleone",
			"email": "napoleonemarco25@gmial.com"
		}
	},
	"openapi": "3.0.0",
	"paths": {
		"/Users": {
			"get": {
				"operationId": "GetAll",
				"responses": {
					"200": {
						"description": "Ok",
						"content": {
							"application/json": {
								"schema": {
									"items": {
										"$ref": "#/components/schemas/User"
									},
									"type": "array"
								}
							}
						}
					}
				},
				"tags": [
					"User"
				],
				"security": [],
				"parameters": []
			},
			"post": {
				"operationId": "Create",
				"responses": {
					"201": {
						"description": "Created",
						"content": {
							"application/json": {
								"schema": {
									"$ref": "#/components/schemas/User"
								}
							}
						}
					}
				},
				"tags": [
					"User"
				],
				"security": [],
				"parameters": [],
				"requestBody": {
					"required": true,
					"content": {
						"application/json": {
							"schema": {
								"$ref": "#/components/schemas/User"
							}
						}
					}
				}
			}
		},
		"/Users/{id}": {
			"get": {
				"operationId": "GetById",
				"responses": {
					"200": {
						"description": "Ok",
						"content": {
							"application/json": {
								"schema": {
									"$ref": "#/components/schemas/User"
								}
							}
						}
					}
				},
				"tags": [
					"User"
				],
				"security": [],
				"parameters": [
					{
						"in": "path",
						"name": "id",
						"required": true,
						"schema": {}
					}
				]
			},
			"put": {
				"operationId": "Update",
				"responses": {
					"200": {
						"description": "Ok",
						"content": {
							"application/json": {
								"schema": {
									"$ref": "#/components/schemas/User"
								}
							}
						}
					}
				},
				"tags": [
					"User"
				],
				"security": [],
				"parameters": [
					{
						"in": "path",
						"name": "id",
						"required": true,
						"schema": {}
					}
				],
				"requestBody": {
					"required": true,
					"content": {
						"application/json": {
							"schema": {
								"$ref": "#/components/schemas/User"
							}
						}
					}
				}
			},
			"delete": {
				"operationId": "LogicDelete",
				"responses": {
					"204": {
						"description": "",
						"content": {
							"application/json": {
								"schema": {
									"properties": {},
									"type": "object"
								}
							}
						}
					}
				},
				"description": "Logic delete a user",
				"tags": [
					"User"
				],
				"security": [],
				"parameters": [
					{
						"in": "path",
						"name": "id",
						"required": true,
						"schema": {}
					}
				]
			}
		},
		"/Users/login": {
			"post": {
				"operationId": "Login",
				"responses": {
					"200": {
						"description": "Ok",
						"content": {
							"application/json": {
								"schema": {
									"$ref": "#/components/schemas/User"
								}
							}
						}
					}
				},
				"tags": [
					"User"
				],
				"security": [],
				"parameters": [],
				"requestBody": {
					"required": true,
					"content": {
						"application/json": {
							"schema": {
								"properties": {
									"password": {
										"type": "string"
									},
									"email": {
										"type": "string"
									}
								},
								"required": [
									"password",
									"email"
								],
								"type": "object"
							}
						}
					}
				}
			}
		},
		"/companies": {
			"get": {
				"operationId": "GetAll",
				"responses": {
					"200": {
						"description": "Ok",
						"content": {
							"application/json": {
								"schema": {
									"items": {
										"$ref": "#/components/schemas/Company"
									},
									"type": "array"
								}
							}
						}
					}
				},
				"tags": [
					"Company"
				],
				"security": [],
				"parameters": []
			},
			"post": {
				"operationId": "Create",
				"responses": {
					"201": {
						"description": "Created",
						"content": {
							"application/json": {
								"schema": {
									"$ref": "#/components/schemas/Company"
								}
							}
						}
					}
				},
				"tags": [
					"Company"
				],
				"security": [],
				"parameters": [],
				"requestBody": {
					"required": true,
					"content": {
						"application/json": {
							"schema": {
								"$ref": "#/components/schemas/Company"
							}
						}
					}
				}
			}
		},
		"/companies/{id}": {
			"get": {
				"operationId": "GetById",
				"responses": {
					"200": {
						"description": "Ok",
						"content": {
							"application/json": {
								"schema": {
									"$ref": "#/components/schemas/Company"
								}
							}
						}
					}
				},
				"tags": [
					"Company"
				],
				"security": [],
				"parameters": [
					{
						"in": "path",
						"name": "id",
						"required": true,
						"schema": {}
					}
				]
			},
			"put": {
				"operationId": "Update",
				"responses": {
					"200": {
						"description": "Ok",
						"content": {
							"application/json": {
								"schema": {
									"$ref": "#/components/schemas/Company"
								}
							}
						}
					}
				},
				"tags": [
					"Company"
				],
				"security": [],
				"parameters": [
					{
						"in": "path",
						"name": "id",
						"required": true,
						"schema": {}
					}
				],
				"requestBody": {
					"required": true,
					"content": {
						"application/json": {
							"schema": {
								"$ref": "#/components/schemas/Company"
							}
						}
					}
				}
			},
			"delete": {
				"operationId": "LogicDelete",
				"responses": {
					"204": {
						"description": "",
						"content": {
							"application/json": {
								"schema": {
									"properties": {},
									"type": "object"
								}
							}
						}
					}
				},
				"description": "Logic delete a company",
				"tags": [
					"Company"
				],
				"security": [],
				"parameters": [
					{
						"in": "path",
						"name": "id",
						"required": true,
						"schema": {}
					}
				]
			}
		},
		"/LocalUnits": {
			"get": {
				"operationId": "GetAll",
				"responses": {
					"200": {
						"description": "Ok",
						"content": {
							"application/json": {
								"schema": {
									"items": {
										"$ref": "#/components/schemas/LocalUnit"
									},
									"type": "array"
								}
							}
						}
					}
				},
				"tags": [
					"Local unit"
				],
				"security": [],
				"parameters": []
			},
			"post": {
				"operationId": "Create",
				"responses": {
					"201": {
						"description": "Created",
						"content": {
							"application/json": {
								"schema": {
									"$ref": "#/components/schemas/LocalUnit"
								}
							}
						}
					}
				},
				"tags": [
					"Local unit"
				],
				"security": [],
				"parameters": [],
				"requestBody": {
					"required": true,
					"content": {
						"application/json": {
							"schema": {
								"$ref": "#/components/schemas/LocalUnit"
							}
						}
					}
				}
			}
		},
		"/LocalUnits/{id}": {
			"get": {
				"operationId": "GetById",
				"responses": {
					"200": {
						"description": "Ok",
						"content": {
							"application/json": {
								"schema": {
									"$ref": "#/components/schemas/LocalUnit"
								}
							}
						}
					}
				},
				"tags": [
					"Local unit"
				],
				"security": [],
				"parameters": [
					{
						"in": "path",
						"name": "id",
						"required": true,
						"schema": {}
					}
				]
			},
			"put": {
				"operationId": "Update",
				"responses": {
					"200": {
						"description": "Ok",
						"content": {
							"application/json": {
								"schema": {
									"$ref": "#/components/schemas/LocalUnit"
								}
							}
						}
					}
				},
				"tags": [
					"Local unit"
				],
				"security": [],
				"parameters": [
					{
						"in": "path",
						"name": "id",
						"required": true,
						"schema": {}
					}
				],
				"requestBody": {
					"required": true,
					"content": {
						"application/json": {
							"schema": {
								"$ref": "#/components/schemas/LocalUnit"
							}
						}
					}
				}
			},
			"delete": {
				"operationId": "LogicDelete",
				"responses": {
					"204": {
						"description": "",
						"content": {
							"application/json": {
								"schema": {
									"properties": {},
									"type": "object"
								}
							}
						}
					}
				},
				"description": "Logic delete a localUnit",
				"tags": [
					"Local unit"
				],
				"security": [],
				"parameters": [
					{
						"in": "path",
						"name": "id",
						"required": true,
						"schema": {}
					}
				]
			}
		}
	},
	"servers": [
		{
			"url": "/"
		}
	]
}